{"iob":0.12125248220967828,"activity":0.0057137686596119884,"bolusiob":0}
